Model,Train Accuracy,Validation Accuracy
SVM,0.985824176,0.956326531
Decision Tree,0.984871795,0.855034014
Random Forest,0.99974359,0.962721088
Naive Bayes,0.548974359,0.541564626
MLP,1,0.969047619
XGBoost,1,0.969931973
Gradient Boosting,0.971941392,0.943605442
